date,open,high,low,close,volume,ticker,cci_25,rsi_14,ma_9,ma_14,ma_50
2024-01-02,32.80699920654297,32.823001861572266,32.680999755859375,32.7760009765625,54666.0,EUNM,,,,,
2024-01-03,32.59600067138672,32.64699935913086,32.45800018310547,32.64699935913086,104347.0,EUNM,,,,,
2024-01-04,32.650001525878906,32.65999984741211,32.492000579833984,32.540000915527344,30640.0,EUNM,,,,,
2024-01-05,32.492000579833984,32.58000183105469,32.428001403808594,32.55400085449219,40168.0,EUNM,,,,,
2024-01-06,32.492000579833984,32.58000183105469,32.428001403808594,32.55400085449219,15708.0,EUNM,,,,,
2024-01-07,32.492000579833984,32.58000183105469,32.428001403808594,32.55400085449219,15708.0,EUNM,,,,,
2024-01-08,32.292999267578125,32.40700149536133,32.17900085449219,32.40700149536133,15708.0,EUNM,,,,,
2024-01-09,32.27899932861328,32.27899932861328,32.08300018310547,32.19200134277344,15621.0,EUNM,,,,,
2024-01-10,32.11199951171875,32.1510009765625,31.95800018310547,31.95800018310547,48438.0,EUNM,,,32.46466742621528,,
2024-01-11,32.2140007019043,32.25199890136719,31.975000381469727,31.975000381469727,24690.0,EUNM,,,32.37566736009386,,
2024-01-12,32.15800094604492,32.44499969482422,32.132999420166016,32.35900115966797,19769.0,EUNM,,,32.343667560153534,,
2024-01-13,32.15800094604492,32.44499969482422,32.132999420166016,32.35900115966797,172651.0,EUNM,,,32.32355647616916,,
2024-01-14,32.15800094604492,32.44499969482422,32.132999420166016,32.35900115966797,172651.0,EUNM,,,32.30188984341092,,
2024-01-15,32.26100158691406,32.29199981689453,31.975000381469727,32.18600082397461,172651.0,EUNM,,33.10665282162131,32.26100095113119,32.387143680027556,
2024-01-16,31.88800048828125,32.01499938964844,31.867000579833984,31.902999877929688,20215.0,EUNM,,25.295749528230445,32.18866750929091,32.324786458696636,
2024-01-17,31.339000701904297,31.339000701904297,31.194000244140625,31.2549991607666,24246.0,EUNM,,15.991958827953454,32.060667249891495,32.22535787309919,
2024-01-18,31.488000869750977,31.621999740600582,31.42099952697754,31.59000015258789,8641.0,EUNM,,30.270510428044872,31.993778228759766,32.15750067574637,
2024-01-19,31.691999435424805,31.777999877929688,31.569000244140625,31.583999633789062,12150.0,EUNM,,30.1715893418979,31.952222612169052,32.08821487426758,
2024-01-20,31.691999435424805,31.777999877929688,31.569000244140625,31.583999633789062,10669.0,EUNM,,30.1715893418979,31.90877808464898,32.01892907278879,
2024-01-21,31.691999435424805,31.777999877929688,31.569000244140625,31.583999633789062,10669.0,EUNM,,30.1715893418979,31.82266680399577,31.949643271309988,
2024-01-22,31.513999938964844,31.618000030517575,31.492000579833984,31.55699920654297,10669.0,EUNM,,29.627463330861957,31.73355547587077,31.888928822108678,
2024-01-23,31.62800025939941,31.940000534057617,31.53300094604492,31.8700008392334,11289.0,EUNM,,42.55982164028715,31.679222106933594,31.86592878614153,
2024-01-24,32.10300064086914,32.323001861572266,32.10300064086914,32.28200149536133,11931.0,EUNM,,54.430700292004516,31.689888848198784,31.889071737016952,
2024-01-25,32.277000427246094,32.415000915527344,32.19599914550781,32.37799835205078,26359.0,EUNM,,56.67730340042427,31.742666456434463,31.917857306344168,
2024-01-26,32.215999603271484,32.38600158691406,32.18199920654297,32.36399841308594,15006.0,EUNM,38.17914437263488,56.24182440350224,31.865888595581055,31.91821425301688,
2024-01-27,32.215999603271484,32.38600158691406,32.18199920654297,32.36399841308594,12135.0,EUNM,43.71570466712954,56.24182440350224,31.95188840230306,31.91857119968959,
2024-01-28,32.215999603271484,32.38600158691406,32.18199920654297,32.36399841308594,12135.0,EUNM,47.33747101418237,56.24182440350224,32.038554933336044,31.918928146362305,
2024-01-29,32.54600143432617,32.60100173950195,32.369998931884766,32.41299819946289,12135.0,EUNM,81.84259731634495,57.66379955694782,32.13066588507758,31.935142244611466,
2024-01-30,32.26100158691406,32.268001556396484,32.027000427246094,32.08599853515625,21220.0,EUNM,12.385721682898561,46.746408749217395,32.18644354078505,31.948213577270508,
2024-01-31,32.01599884033203,32.207000732421875,31.940000534057617,32.132999420166016,25266.0,EUNM,8.981956852663538,48.26263265475948,32.25044356452094,32.010927881513325,
2024-02-01,32.20899963378906,32.31999969482422,32.138999938964844,32.138999938964844,64920.0,EUNM,38.753860257735,48.464371469372,32.28033235337999,32.05014215196882,
2024-02-02,32.35100173950195,32.393001556396484,32.22600173950195,32.257999420166016,25195.0,EUNM,62.450166653041656,52.426185319984256,32.27766545613607,32.098284993852886,
2024-02-03,32.35100173950195,32.393001556396484,32.22600173950195,32.257999420166016,102288.0,EUNM,60.675626701577144,52.426185319984256,32.26433224148221,32.14642783573696,
2024-02-04,32.35100173950195,32.393001556396484,32.22600173950195,32.257999420166016,102288.0,EUNM,56.95883818558968,52.426185319984256,32.25255457560221,32.19457067762102,
2024-02-05,32.42399978637695,32.500999450683594,32.388999938964844,32.48500061035156,102288.0,EUNM,90.01778790084812,59.79078578813,32.265999264187286,32.26085649217878,
2024-02-06,33.0620002746582,33.23699951171875,32.99599838256836,33.23699951171875,23124.0,EUNM,226.98471102409147,74.09658220290285,32.3629993862576,32.358499254499165,
2024-02-07,33.09199905395508,33.26900100708008,33.09199905395508,33.143001556396484,27854.0,EUNM,204.96974513752085,70.71006285132148,32.44411087036133,32.419999258858816,
2024-02-08,33.125999450683594,33.16400146484375,33.020999908447266,33.06100082397461,100515.0,EUNM,168.46217665254298,67.798928660819,32.55244445800781,32.46878514971052,
2024-02-09,33.03900146484375,33.14699935913086,32.90700149536133,33.00400161743164,82298.0,EUNM,140.07768486775646,65.77191239649741,32.649222479926216,32.51449966430664,
2024-02-10,33.03900146484375,33.14699935913086,32.90700149536133,33.00400161743164,38536.0,EUNM,128.00572858863225,65.77191239649741,32.74533377753364,32.56021417890276,
2024-02-11,33.03900146484375,33.14699935913086,32.90700149536133,33.00400161743164,38536.0,EUNM,120.53876404308635,65.77191239649741,32.82822291056315,32.60592869349888,
2024-02-12,33.06800079345703,33.64799880981445,33.06800079345703,33.58399963378906,38536.0,EUNM,164.440977120971,75.19644909163878,32.97555626763238,32.68957165309361,
2024-02-13,33.44300079345703,33.51300048828125,33.00199890136719,33.00199890136719,63064.0,EUNM,109.95074869297432,57.95266754290765,33.05822287665473,32.755000250680105,
2024-02-14,33.17100143432617,33.36800003051758,33.17100143432617,33.354000091552734,26881.0,EUNM,114.01837797300973,63.41681024922024,33.15477837456597,32.842214584350586,
2024-02-15,33.369998931884766,33.41600036621094,33.33000183105469,33.380001068115234,38304.0,EUNM,112.08517748973512,63.79111807779409,33.1706674363878,32.93085752214704,
2024-02-16,33.62900161743164,33.696998596191406,33.59199905395508,33.60499954223633,112782.0,EUNM,133.92463842354863,66.94310227379063,33.22200054592557,33.02707181658064,
2024-02-17,33.62900161743164,33.696998596191406,33.59199905395508,33.60499954223633,24940.0,EUNM,122.15858699836666,66.94310227379063,33.28244484795464,33.12328611101423,
2024-02-18,33.62900161743164,33.696998596191406,33.59199905395508,33.60499954223633,24940.0,EUNM,111.5253944558573,66.94310227379063,33.34922239515517,33.219500405447825,
2024-02-19,33.50899887084961,33.58100128173828,33.44499969482422,33.542999267578125,24940.0,EUNM,89.74381419141433,64.99584819166435,33.40911102294922,33.29507173810686,
2024-02-20,33.56100082397461,33.56800079345703,33.428001403808594,33.428001403808594,7439.0,EUNM,77.99864913958908,61.42677584025096,33.45622211032443,33.308714730399,32.51376010894776
2024-02-21,33.63399887084961,33.64500045776367,33.52799987792969,33.52899932861328,4177.0,EUNM,85.63345063964124,63.33124215620804,33.4501109653049,33.33628599984305,32.52882007598877
2024-02-22,33.75600051879883,33.849998474121094,33.70000076293945,33.78300094604492,14664.0,EUNM,109.72579458400504,67.65624597473507,33.536888970269096,33.38785743713379,32.55154010772705
2024-02-23,33.81100082397461,33.83599853515625,33.74700164794922,33.77199935913086,5137.0,EUNM,104.14151373144485,67.28606087310774,33.583333333333336,33.442714418683735,32.57618007659912
2024-02-24,33.81100082397461,33.83599853515625,33.74700164794922,33.77199935913086,18359.0,EUNM,99.62085136204098,67.28606087310774,33.62688869900174,33.497571400233674,32.6005400466919
2024-02-25,33.81100082397461,33.83599853515625,33.74700164794922,33.77199935913086,18359.0,EUNM,95.21216251795241,67.28606087310774,33.64544423421224,33.55242838178362,32.624900016784665
2024-02-26,33.60599899291992,33.6349983215332,33.555999755859375,33.55899810791016,18359.0,EUNM,58.09548863592951,59.42372196254874,33.64033296373155,33.55064255850656,32.644999961853024
2024-02-27,33.64500045776367,33.729000091552734,33.5890007019043,33.68399810791016,24578.0,EUNM,68.92573605530872,62.21413544427675,33.649110582139755,33.59935678754534,32.670539894104
2024-02-28,33.52399826049805,33.52399826049805,33.23199844360352,33.23199844360352,20182.0,EUNM,-3.7945192310252853,49.0725500121789,33.614554935031464,33.59064238412039,32.691339836120605
2024-02-29,33.40599822998047,33.4640007019043,33.290000915527344,33.3120002746582,4200.0,EUNM,-8.75951231090056,51.043674285623936,33.60166592068143,33.58578518458775,32.71841983795166
2024-03-01,33.56800079345703,33.76599884033203,33.50199890136719,33.74300003051758,41816.0,EUNM,68.68090272778332,60.02114854842088,33.62544377644857,33.595642362322124,32.753779830932615
2024-03-02,33.56800079345703,33.76599884033203,33.50199890136719,33.74300003051758,27146.0,EUNM,63.859499211769446,60.021148548420875,33.62099923027886,33.6054995400565,32.78145980834961
2024-03-03,33.56800079345703,33.76599884033203,33.50199890136719,33.74300003051758,27146.0,EUNM,59.65685323270084,60.021148548420875,33.61777708265517,33.615356717790874,32.809139785766604
2024-03-04,33.770999908447266,33.78300094604492,33.584999084472656,33.60900115966797,27146.0,EUNM,52.18677431052288,56.03131881471046,33.59966617160373,33.62007113865444,32.8341397857666
2024-03-05,33.4379997253418,33.44499969482422,33.31700134277344,33.33000183105469,48133.0,EUNM,-54.50539877280907,48.76309887672476,33.550555335150825,33.61307116917202,32.8570198059082
2024-03-06,33.55400085449219,33.73099899291992,33.53200149536133,33.720001220703125,27849.0,EUNM,48.53858368852588,57.1337325774119,33.5684445699056,33.62671416146414,32.89335983276367
2024-03-07,33.5890007019043,33.73400115966797,33.54800033569336,33.71900177001953,26886.0,EUNM,47.07717651547442,57.10798392904122,33.572333865695526,33.62214279174805,32.94263988494873
2024-03-08,33.82699966430664,33.94900131225586,33.770999908447266,33.770999908447266,41159.0,EUNM,115.70846823331273,58.16436192366674,33.63222291734483,33.6220714024135,32.986259880065916
2024-03-09,33.82699966430664,33.94900131225586,33.770999908447266,33.770999908447266,12505.0,EUNM,114.59905721518223,58.16436192366674,33.68322287665473,33.62200001307896,33.02999988555908
2024-03-10,33.82699966430664,33.94900131225586,33.770999908447266,33.770999908447266,12505.0,EUNM,113.49546133307953,58.16436192366674,33.686333974202476,33.62192862374442,33.07373989105225
2024-03-11,33.816001892089844,33.92399978637695,33.77399826049805,33.90800094604492,12505.0,EUNM,129.4075842091549,61.30078841713529,33.70466740926107,33.6468573978969,33.12021991729736
2024-03-12,34.21699905395508,34.270999908447266,34.124000549316406,34.22200012207031,27108.0,EUNM,270.42091954469026,67.34368578201375,33.757889641655815,33.68528611319406,33.173519935607914
2024-03-13,34.10599899291992,34.12799835205078,33.999000549316406,34.00600051879883,37390.0,EUNM,160.04050438918986,60.36119950575813,33.80200068155924,33.74057197570801,33.21623992919922
2024-03-14,34.14899826049805,34.17499923706055,34.01900100708008,34.09199905395508,12866.0,EUNM,157.4780641817286,62.04839772557872,33.88666703965929,33.796286174229216,33.25243988037109
2024-03-15,33.86800003051758,33.972999572753906,33.85200119018555,33.85200119018555,23715.0,EUNM,68.70185859195769,55.01122908783588,33.90133370293511,33.80407197134836,33.281919937133786
2024-03-16,33.86800003051758,33.972999572753906,33.85200119018555,33.85200119018555,29848.0,EUNM,63.40085127204706,55.01122908783588,33.916111416286896,33.8118577684675,33.31167999267578
2024-03-17,33.86800003051758,33.972999572753906,33.85200119018555,33.85200119018555,29848.0,EUNM,58.86262710657151,55.01122908783588,33.925111558702255,33.81964356558664,33.34144004821778
2024-03-18,34.03400039672852,34.066001892089844,33.92100143432617,33.95600128173828,29848.0,EUNM,88.74812130996783,57.61306439637543,33.9456672668457,33.844429288591655,33.37328010559082
2024-03-19,33.78200149536133,33.832000732421875,33.63399887084961,33.73400115966797,40863.0,EUNM,-10.140939275709911,50.85237353304425,33.94155629475912,33.873286383492605,33.39970016479492
2024-03-20,33.74300003051758,33.94300079345703,33.74300003051758,33.88199996948242,30301.0,EUNM,37.43849561223854,54.6712331984992,33.93866729736328,33.88485772269113,33.43562019348145
2024-03-21,34.301998138427734,34.354000091552734,34.220001220703125,34.30400085449219,27431.0,EUNM,181.22290826336408,63.403232619268564,33.9477784898546,33.92664337158203,33.47904022216797
2024-03-22,34.20199966430664,34.279998779296875,34.082000732421875,34.13199996948242,23649.0,EUNM,124.53515568729148,58.4601095603215,33.96177842881944,33.9524290902274,33.51890022277832
2024-03-23,34.20199966430664,34.279998779296875,34.082000732421875,34.13199996948242,44316.0,EUNM,114.72548009332874,58.4601095603215,33.96622297498915,33.97821480887277,33.55638023376465
2024-03-24,34.20199966430664,34.279998779296875,34.082000732421875,34.13199996948242,44316.0,EUNM,108.21376156209656,58.4601095603215,33.99733395046658,34.00400052751814,33.59386024475098
2024-03-25,34.14400100708008,34.15800094604492,34.03200149536133,34.09199905395508,44316.0,EUNM,77.04154677235572,57.16556261727483,34.02400037977431,34.01714324951172,33.63054023742676
2024-03-26,34.20600128173828,34.22600173950195,34.09299850463867,34.125999450683594,19760.0,EUNM,87.99903976210155,58.01657288940754,34.05444463094076,34.010286058698384,33.6633602142334
2024-03-27,34.08700180053711,34.11800003051758,34.055999755859375,34.055999755859375,15119.0,EUNM,56.172850288438234,55.56880821243914,34.065555572509766,34.01385743277414,33.67974021911621
2024-03-28,34.2760009765625,34.430999755859375,34.25,34.354000091552734,11330.0,EUNM,138.53567883677067,62.770160352946526,34.134444342719185,34.03257179260254,33.703960189819334
2024-03-29,34.2760009765625,34.430999755859375,34.25,34.354000091552734,44741.0,EUNM,126.8716479801337,62.770160352946526,34.186888800727,34.06842885698591,33.7298201751709
2024-03-30,34.2760009765625,34.430999755859375,34.25,34.354000091552734,44741.0,EUNM,120.62512508167862,62.770160352946526,34.192444271511505,34.10428592136928,33.75682014465332
2024-03-31,34.2760009765625,34.430999755859375,34.25,34.354000091552734,44741.0,EUNM,113.31109341091592,62.770160352946526,34.21711095174154,34.140142985752654,33.78382011413574
2024-04-01,34.2760009765625,34.430999755859375,34.25,34.354000091552734,44741.0,EUNM,106.91363201974471,62.770160352946526,34.24177763197157,34.16857147216797,33.81082008361816
2024-04-02,34.880001068115234,34.90599822998047,34.63199996948242,34.641998291015625,44741.0,EUNM,223.8452962242027,69.65520459573885,34.29844411214193,34.23342841012137,33.831980056762696
2024-04-03,34.50400161743164,34.50400161743164,34.382999420166016,34.47200012207031,26148.0,EUNM,114.86260002007172,62.32800608415488,34.34066645304362,34.27557127816336,33.861380081176755
2024-04-04,34.46699905395508,34.69300079345703,34.45000076293945,34.69300079345703,12281.0,EUNM,156.7300892818037,67.16383422274188,34.40366660224067,34.303356988089426,33.88816009521484
2024-04-05,34.2760009765625,34.400001525878906,34.24800109863281,34.36100006103516,11503.0,EUNM,54.73867586990696,55.614203372631295,34.43755552503798,34.31971413748605,33.90778007507324
2024-04-06,34.2760009765625,34.400001525878906,34.24800109863281,34.36100006103516,19678.0,EUNM,51.28645098223322,55.614203372631295,34.43833329942492,34.33607128688268,33.92290008544922
2024-04-07,34.2760009765625,34.400001525878906,34.24800109863281,34.36100006103516,19678.0,EUNM,47.09465030082375,55.614203372631295,34.43911107381186,34.352428436279304,33.938020095825195
2024-04-08,34.426998138427734,34.64400100708008,34.426998138427734,34.595001220703125,19678.0,EUNM,110.53603891243779,61.44988182628187,34.46588897705079,34.38835716247559,33.957820129394534
2024-04-09,34.68899917602539,34.77000045776367,34.65900039672852,34.709999084472656,8159.0,EUNM,149.2529540497181,63.95780924046136,34.50544442070856,34.43007142203195,33.98116012573242
2024-04-10,34.96200180053711,35.0,34.5880012512207,34.625,13172.0,EUNM,147.42845372414675,60.80886269489015,34.53555552164714,34.47071429661342,34.00510009765625
2024-04-11,34.959999084472656,34.959999084472656,34.79899978637695,34.8120002746582,16055.0,EUNM,174.65388159077253,64.90293230241144,34.554444630940765,34.503428595406675,34.03076011657715
2024-04-12,34.87099838256836,34.88999938964844,34.47800064086914,34.54199981689453,16694.0,EUNM,95.91936601451683,55.833696809756965,34.56222237481012,34.516857147216804,34.04594009399414
2024-04-13,34.87099838256836,34.88999938964844,34.47800064086914,34.54199981689453,101236.0,EUNM,85.150520501448,55.833696809756965,34.5454444885254,34.530285699026926,34.06134010314941
2024-04-14,34.87099838256836,34.88999938964844,34.47800064086914,34.54199981689453,101236.0,EUNM,76.46670224117356,55.833696809756965,34.565555572509766,34.543714250837056,34.07674011230469
2024-04-15,34.65599822998047,34.66699981689453,34.43299865722656,34.48500061035156,101236.0,EUNM,35.502542303003445,53.84966898672349,34.5793334113227,34.55307143075126,34.091000137329104
2024-04-16,34.00600051879883,34.00600051879883,33.73600006103516,33.81700134277344,41874.0,EUNM,-183.15538254871555,37.17667009351431,34.51888910929362,34.49414307730539,34.09616020202637
2024-04-17,33.8489990234375,33.94300079345703,33.724998474121094,33.724998474121094,38411.0,EUNM,-184.74317686976008,35.54432844154796,34.42222213745117,34.44078581673759,34.09698020935058
2024-04-18,34.14099884033203,34.14099884033203,33.810001373291016,33.9370002746582,16115.0,EUNM,-127.3440236084397,41.877322116130586,34.33633338080512,34.38678577968053,34.11108024597168
2024-04-19,33.5099983215332,33.74700164794922,33.487998962402344,33.69200134277344,36274.0,EUNM,-202.93085403969542,37.31448754681031,34.2326668633355,34.33900015694754,34.118680267333986
2024-04-20,33.5099983215332,33.74700164794922,33.487998962402344,33.69200134277344,18067.0,EUNM,-183.66315377485236,37.31448754681031,34.108222537570526,34.29121453421457,34.1176602935791
2024-04-21,33.5099983215332,33.74700164794922,33.487998962402344,33.69200134277344,18067.0,EUNM,-166.3769516832717,37.31448754681031,34.01377826266818,34.24342891148159,34.11664031982422
2024-04-22,33.90999984741211,33.9739990234375,33.816001892089844,33.91600036621094,18067.0,EUNM,-91.56966640374856,44.25082551469664,33.94422276814779,34.19492885044643,34.120100326538086
2024-04-23,34.15800094604492,34.17599868774414,34.007999420166016,34.13600158691406,13811.0,EUNM,-42.784945905800555,50.091960277916904,33.89911185370551,34.15392902919224,34.13064033508301
2024-04-24,34.5890007019043,34.59000015258789,34.2859992980957,34.33700180053711,38837.0,EUNM,20.044973740602053,54.75613289690774,33.882667541503906,34.13335772923061,34.15078033447266
2024-04-25,34.27299880981445,34.358001708984375,34.143001556396484,34.21099853515625,29695.0,EUNM,-14.334485495138297,51.50648730027857,33.92644500732422,34.0904290335519,34.16060028076172
2024-04-26,34.624000549316406,34.82699966430664,34.55799865722656,34.763999938964844,12643.0,EUNM,80.54301244792109,62.12922658416305,34.04188961452908,34.10628618512835,34.18150024414062
2024-04-27,34.624000549316406,34.82699966430664,34.55799865722656,34.763999938964844,19041.0,EUNM,80.70035386920516,62.12922658416305,34.133778466118706,34.1221433367048,34.20136024475098
2024-04-28,34.624000549316406,34.82699966430664,34.55799865722656,34.763999938964844,19041.0,EUNM,76.77767765664004,62.12922658416305,34.25288942125108,34.13800048828125,34.22122024536133
2024-04-29,34.9630012512207,35.07899856567383,34.96099853515625,35.00600051879883,19041.0,EUNM,127.69546455631183,66.17860711872379,34.39888932969835,34.175214767456055,34.24592025756836
2024-04-30,35.117000579833984,35.117000579833984,34.86000061035156,34.86399841308594,7039.0,EUNM,103.83409388089122,61.990004630662604,34.52911122639974,34.250000272478374,34.26504020690918
2024-05-01,35.117000579833984,35.117000579833984,34.86000061035156,34.86399841308594,40564.0,EUNM,95.11822797786299,61.990004630662604,34.634444342719185,34.33135741097586,34.27788017272949
2024-05-02,35.1510009765625,35.37200164794922,35.132999420166016,35.35300064086914,40564.0,EUNM,138.11719067820113,69.65939974808879,34.7696664598253,34.43250029427664,34.304820175170896
2024-05-03,35.46200180053711,35.57400131225586,35.349998474121094,35.52799987792969,38034.0,EUNM,153.1186431763311,71.84854296421537,34.90199957953559,34.56364304678781,34.33354019165039
2024-05-04,35.46200180053711,35.57400131225586,35.349998474121094,35.52799987792969,23245.0,EUNM,140.59715296105998,71.84854296421537,35.04833306206597,34.69478579929897,34.36706016540527
2024-05-05,35.46200180053711,35.57400131225586,35.349998474121094,35.52799987792969,23245.0,EUNM,129.61520654465852,71.84854296421537,35.13322194417318,34.82592855181013,34.400580139160155
2024-05-06,35.70100021362305,35.70100021362305,35.566001892089844,35.641998291015625,23245.0,EUNM,138.3535760106013,73.40950767513439,35.23077731662326,34.949214117867605,34.43638008117676
2024-05-07,35.53099822998047,35.542999267578125,35.42599868774414,35.50600051879883,24888.0,EUNM,108.97091135085967,68.52774859192868,35.313221825493706,35.047071184430806,34.46738006591797
2024-05-08,35.48400115966797,35.54100036621094,35.321998596191406,35.50899887084961,17180.0,EUNM,95.74261713825506,68.5773623565637,35.36911053127713,35.130785260881694,34.5028800201416
2024-05-09,35.51900100708008,35.54100036621094,35.41699981689453,35.49399948120117,23633.0,EUNM,90.23776971783575,67.99985436380986,35.439110649956596,35.22242818559919,34.53512001037598
2024-05-10,35.71500015258789,35.81100082397461,35.650001525878906,35.650001525878906,9396.0,EUNM,104.59859947959195,70.75804925737438,35.526444329155815,35.28571401323591,34.56204002380371
2024-05-11,35.71500015258789,35.81100082397461,35.650001525878906,35.650001525878906,36213.0,EUNM,96.64276698178706,70.75804925737438,35.559444427490234,35.34899984087263,34.59240005493164
2024-05-12,35.71500015258789,35.81100082397461,35.650001525878906,35.650001525878906,36213.0,EUNM,90.31510242475167,70.75804925737438,35.57300016615126,35.41228566850935,34.62276008605957
2024-05-13,35.75400161743164,35.900001525878906,35.7239990234375,35.87200164794922,36213.0,EUNM,97.94536798109708,74.64270774131103,35.61122258504232,35.47414289202009,34.657560119628904
2024-05-14,35.887001037597656,35.93399810791016,35.81999969482422,35.92300033569336,8246.0,EUNM,98.79863475812579,75.44956402097763,35.65511152479384,35.549785886492046,34.69418014526367
2024-05-15,36.007999420166016,36.15399932861328,35.935001373291016,36.15399932861328,24457.0,EUNM,114.01898013454026,78.74813690998553,35.71200052897135,35.641928809029714,34.73474014282227
2024-05-16,36.04199981689453,36.34099960327149,36.04199981689453,36.25400161743164,53383.0,EUNM,125.53016674762308,80.00088076977157,35.79511176215278,35.706286021641326,34.77870018005371
2024-05-17,36.257999420166016,36.470001220703125,36.257999420166016,36.43199920654297,17516.0,EUNM,143.62199089347038,82.0312373140926,35.8976673550076,35.77085740225656,34.82026016235351
2024-05-18,36.257999420166016,36.470001220703125,36.257999420166016,36.43199920654297,4851.0,EUNM,140.34489095565263,82.0312373140926,36.00188954671224,35.835428782871794,34.86182014465332
2024-05-19,36.257999420166016,36.470001220703125,36.257999420166016,36.43199920654297,4851.0,EUNM,135.67414993349064,82.0312373140926,36.08877817789713,35.90000016348703,34.903380126953124
2024-05-20,36.323001861572266,36.3759994506836,36.220001220703125,36.3489990234375,4851.0,EUNM,115.87423986624852,77.45180181774057,36.166444566514755,35.950500215802876,34.94328010559082
2024-05-21,36.060001373291016,36.16999816894531,36.04100036621094,36.10599899291992,11950.0,EUNM,77.02557260328322,65.85964993093972,36.21711095174154,35.99335724966867,34.978320083618165
2024-05-22,36.15800094604492,36.28200149536133,36.10499954223633,36.13100051879883,18085.0,EUNM,82.00887385599468,66.41658209670767,36.24588860405816,36.03778593880789,35.00810012817383
2024-05-23,36.20700073242188,36.400001525878906,35.98400115966797,36.01300048828125,20112.0,EUNM,68.48267959039246,61.33128118622073,36.25588862101237,36.07485743931362,35.038920135498046
2024-05-24,35.84700012207031,35.93299865722656,35.80799865722656,35.847999572753906,19612.0,EUNM,15.232321648425263,54.990840955504666,36.22188864813911,36.08900015694754,35.06202011108398
2024-05-25,35.84700012207031,35.93299865722656,35.80799865722656,35.847999572753906,59373.0,EUNM,9.065770903577109,54.990840955504666,36.17677730984158,36.10314287458147,35.09176010131836
2024-05-26,35.84700012207031,35.93299865722656,35.80799865722656,35.847999572753906,59373.0,EUNM,1.5529414214725743,54.990840955504666,36.11188846164279,36.1172855922154,35.12150009155273
2024-05-27,36.040000915527344,36.05500030517578,35.93600082397461,36.025001525878906,59373.0,EUNM,29.97837785251895,60.466632871287466,36.066666497124565,36.12821415492466,35.15478012084961
2024-05-28,35.965999603271484,35.965999603271484,35.78900146484375,35.78900146484375,24596.0,EUNM,-13.535078123954367,51.4746022500578,35.99522230360243,36.118642807006836,35.17866012573242
2024-05-29,35.47999954223633,35.51900100708008,35.32699966430664,35.36199951171875,17708.0,EUNM,-127.83446924737474,39.910093961239355,35.88555569118924,36.06207139151437,35.19170013427734
2024-05-30,35.11800003051758,35.2239990234375,35.104000091552734,35.2239990234375,7368.0,EUNM,-174.40686746332443,37.0157127305184,35.78755569458008,35.988499777657644,35.20368011474609
2024-05-31,34.862998962402344,34.862998962402344,34.60300064086914,34.60300064086914,41766.0,EUNM,-252.78660664960083,27.38956295351717,35.61777793036567,35.857857022966655,35.19950012207031
2024-06-01,34.862998962402344,34.862998962402344,34.60300064086914,34.60300064086914,80166.0,EUNM,-217.36037031283792,27.389562953517185,35.46111128065321,35.72721426827567,35.200720138549805
2024-06-02,34.862998962402344,34.862998962402344,34.60300064086914,34.60300064086914,80166.0,EUNM,-189.8043655558341,27.389562953517185,35.32277806599935,35.596571513584685,35.2019401550293
2024-06-03,35.38999938964844,35.44499969482422,35.095001220703125,35.095001220703125,80166.0,EUNM,-93.95649603336402,42.25043817697112,35.23911158243815,35.507000241960796,35.21300018310547
2024-06-04,34.5,34.66600036621094,34.4739990234375,34.487998962402344,23447.0,EUNM,-172.4323522095935,33.21762070683479,35.0880004035102,35.39142881120954,35.21306015014648
2024-06-05,34.87200164794922,35.22200012207031,34.83000183105469,35.22200012207031,10372.0,EUNM,-83.22495110513637,47.761331723028626,34.99877802530924,35.32650021144322,35.24116012573242
2024-06-06,35.340999603271484,35.41999816894531,35.30099868774414,35.38800048828125,4302.0,EUNM,-42.015811983295045,50.392552061184126,34.95422236124674,35.281857354300364,35.274420166015624
2024-06-07,35.42499923706055,35.499000549316406,35.319000244140625,35.44300079345703,30799.0,EUNM,-32.63867423689915,51.26837586142637,34.96322250366211,35.25292887006487,35.304540176391605
2024-06-08,35.42499923706055,35.499000549316406,35.319000244140625,35.44300079345703,32982.0,EUNM,-29.98602899413402,51.26837586142637,34.987556033664276,35.22400038582938,35.339560165405274
2024-06-09,35.42499923706055,35.499000549316406,35.319000244140625,35.44300079345703,32982.0,EUNM,-26.934827417469972,51.26837586142637,35.08088938395182,35.19507190159389,35.37458015441894
2024-06-10,35.52000045776367,35.72999954223633,35.48500061035156,35.72100067138672,32982.0,EUNM,5.6004811230573965,56.155147321342575,35.20511160956489,35.17335755484445,35.41516014099121
2024-06-11,35.58300018310547,35.64400100708008,35.47100067138672,35.5099983215332,39472.0,EUNM,-4.17220582035381,51.90098448971024,35.30588912963867,35.153428758893696,35.44704010009766
2024-06-12,35.72200012207031,35.80500030517578,35.625999450683594,35.73899841308594,27435.0,EUNM,27.70988424802676,55.81342647362252,35.37744437323676,35.18035725184849,35.47910003662109
2024-06-13,35.79399871826172,35.88800048828125,35.74700164794922,35.80500030517578,13615.0,EUNM,47.5950582412586,56.901551435760304,35.52377785576714,35.221857343401226,35.50846000671387
2024-06-14,36.06399917602539,36.137001037597656,35.941001892089844,36.04399871826172,27185.0,EUNM,88.66745419749158,60.67771271629594,35.61511103312174,35.3247857775007,35.545120010375975
2024-06-15,36.06399917602539,36.137001037597656,35.941001892089844,36.04399871826172,22548.0,EUNM,89.66271430349059,60.67771271629594,35.6879997253418,35.42771421160017,35.570719985961915
2024-06-16,36.06399917602539,36.137001037597656,35.941001892089844,36.04399871826172,22548.0,EUNM,91.7229594633439,60.67771271629594,35.75477727254232,35.530642645699636,35.59631996154785
2024-06-17,36.17300033569336,36.17300033569336,36.04199981689453,36.07500076293945,22548.0,EUNM,101.85948711899614,61.22808370721097,35.824999491373696,35.60064261300223,35.62253997802734
2024-06-18,36.24700164794922,36.4630012512207,36.21799850463867,36.4630012512207,68137.0,EUNM,139.83203179149666,67.38139354724336,35.938332875569664,35.74171420506069,35.65167999267578
2024-06-19,36.76399993896485,36.79499816894531,36.67300033569336,36.69499969482422,38797.0,EUNM,174.94496916456072,70.40577124259025,36.04655498928494,35.846928460257395,35.68830001831055
2024-06-20,36.777000427246094,36.82899856567383,36.540000915527344,36.56700134277344,48148.0,EUNM,148.03729115110093,66.7296208435549,36.163999769422745,35.931142807006836,35.722360076904295
2024-06-21,36.53900146484375,36.59999847412109,36.47600173950195,36.47600173950195,43775.0,EUNM,121.82375564620966,64.16454657292476,36.245889027913414,36.00492858886719,35.74482009887695
2024-06-22,36.53900146484375,36.59999847412109,36.47600173950195,36.47600173950195,54206.0,EUNM,111.9767969204204,64.16454657292476,36.32044474283854,36.07871437072754,35.7637801361084
2024-06-23,36.53900146484375,36.59999847412109,36.47600173950195,36.47600173950195,54206.0,EUNM,101.13733057716925,64.16454657292476,36.3684450785319,36.15250015258789,35.782740173339846
2024-06-24,36.29399871826172,36.51800155639648,36.29100036621094,36.47800064086914,54206.0,EUNM,83.17470902119685,64.20229877964312,36.41666751437717,36.20657157897949,35.801740188598636
2024-06-25,36.297000885009766,36.400001525878906,36.229000091552734,36.23500061035156,50594.0,EUNM,61.2071484212055,56.42072015204001,36.437889946831596,36.25835745675223,35.81360023498535
2024-06-26,36.5260009765625,36.56100082397461,36.257999420166016,36.29399871826172,24740.0,EUNM,66.26301423327588,57.759360931514564,36.462223052978516,36.29800033569336,35.82936019897461
2024-06-27,36.31399917602539,36.400001525878906,36.2859992980957,36.29999923706055,50831.0,EUNM,56.20217204048472,57.90100263934437,36.44411171807183,36.33335740225656,35.84518020629883
2024-06-28,36.53300094604492,36.62200164794922,36.45500183105469,36.46799850463867,34056.0,EUNM,77.39572855974153,61.7665211848927,36.41888936360677,36.36364310128348,35.86466018676758
2024-06-29,36.53300094604492,36.62200164794922,36.45500183105469,36.46799850463867,72799.0,EUNM,74.7916955972579,61.7665211848927,36.40788904825846,36.393928800310405,35.881020126342776
2024-06-30,36.53300094604492,36.62200164794922,36.45500183105469,36.46799850463867,72799.0,EUNM,69.90924250262921,61.7665211848927,36.40699979994032,36.42421449933733,35.89738006591797
2024-07-01,36.33700180053711,36.45899963378906,36.30400085449219,36.43399810791016,72799.0,EUNM,45.302408914599376,60.365466092119064,36.40233272976346,36.44985716683524,35.91305999755859
2024-07-02,36.242000579833984,36.36600112915039,36.2130012512207,36.32400131225586,79223.0,EUNM,22.5262695502887,55.94428285201591,36.38544379340278,36.439928599766326,35.92209999084473
2024-07-03,36.44599914550781,36.729000091552734,36.44599914550781,36.729000091552734,47216.0,EUNM,87.31533343798647,65.85907482201632,36.41333262125651,36.442357199532644,35.938219985961915
2024-07-04,36.87300109863281,36.93600082397461,36.790000915527344,36.82400131225586,42295.0,EUNM,134.7311761249101,67.69562512227736,36.47877714369032,36.46071434020996,35.95162002563477
2024-07-05,36.882999420166016,36.882999420166016,36.65399932861328,36.72100067138672,38109.0,EUNM,108.06412608021425,63.694996096437364,36.52622180514865,36.478214263916016,35.96096000671387
2024-07-06,36.882999420166016,36.882999420166016,36.65399932861328,36.72100067138672,23073.0,EUNM,106.71431732171273,63.694996096437364,36.572999742296005,36.49571418762207,35.96674003601074
2024-07-07,36.882999420166016,36.882999420166016,36.65399932861328,36.72100067138672,23073.0,EUNM,102.67877677256216,63.694996096437364,36.6011110941569,36.513214111328125,35.97252006530762
2024-07-08,36.87799835205078,36.92900085449219,36.84600067138672,36.89599990844727,23073.0,EUNM,140.33473526837696,67.74052453656395,36.64866680569119,36.54307120186942,35.9818000793457
2024-07-09,36.97499847412109,37.04100036621094,36.92599868774414,36.97200012207031,27736.0,EUNM,161.38314032426874,69.33848392216059,36.704666985405815,36.59571402413504,35.99426010131836
2024-07-10,37.027000427246094,37.1609992980957,36.99800109863281,37.15700149536133,8891.0,EUNM,180.06891286410456,72.86239380720093,36.78500069512261,36.65735707964216,36.015280151367186
2024-07-11,37.41299819946289,37.435001373291016,37.31499862670898,37.31499862670898,7598.0,EUNM,224.61139120769533,75.45670986196254,36.89511150783963,36.72985703604562,36.03896011352539
2024-07-12,37.305999755859375,37.4379997253418,37.25699996948242,37.37099838256836,19617.0,EUNM,197.0805874684068,76.32076341277086,36.966444651285805,36.79435702732631,36.066120071411135
2024-07-13,37.305999755859375,37.4379997253418,37.25699996948242,37.37099838256836,27866.0,EUNM,170.48225485054977,76.32076341277086,37.027222103542755,36.858857018607004,36.096580047607425
2024-07-14,37.305999755859375,37.4379997253418,37.25699996948242,37.37099838256836,27866.0,EUNM,147.69299539524258,76.32076341277086,37.09944407145182,36.923357009887695,36.12704002380371
2024-07-15,37.178001403808594,37.18199920654297,37.016998291015625,37.08399963378906,27866.0,EUNM,79.33636922186942,62.28491487850761,37.13977728949653,36.96978569030762,36.151760025024416
2024-07-16,37.055999755859375,37.14300155639648,36.970001220703125,37.10100173950195,27251.0,EUNM,68.05864639988971,62.72228851541791,37.181999630398224,37.025285720825195,36.173280029296876
2024-07-17,36.90299987792969,36.90299987792969,36.54899978637695,36.54899978637695,26849.0,EUNM,-21.995841131494853,44.627228972695995,37.1434440612793,37.01242855616978,36.18847999572754
2024-07-18,36.73899841308594,36.73899841308594,36.30500030517578,36.30500030517578,28884.0,EUNM,-69.16963425996892,39.23853111115417,37.06933297051324,36.97535705566406,36.20734001159668
2024-07-19,36.18299865722656,36.18299865722656,35.96799850463867,35.96799850463867,11338.0,EUNM,-149.411034238687,33.2642033932099,36.93722152709961,36.92157118661063,36.222220001220705
2024-07-20,36.18299865722656,36.18299865722656,35.96799850463867,35.96799850463867,10136.0,EUNM,-142.65059318099628,33.2642033932099,36.787554846869575,36.8677853175572,36.249519958496094
2024-07-21,36.18299865722656,36.18299865722656,35.96799850463867,35.96799850463867,10136.0,EUNM,-134.27029502126763,33.2642033932099,36.63166597154405,36.813999448503765,36.27681991577148
2024-07-22,36.020999908447266,36.23600006103516,35.9900016784668,36.119998931884766,10136.0,EUNM,-114.76781171855961,38.53605715301701,36.49266603257921,36.75857080732073,36.307159881591794
2024-07-23,35.94900131225586,36.19400024414063,35.94900131225586,36.13899993896485,87149.0,EUNM,-110.1001067973937,39.18282326351433,36.35577731662326,36.69907079424177,36.32803985595703
2024-07-24,35.91299819946289,36.03099822998047,35.81100082397461,35.81100082397461,41439.0,EUNM,-134.05710243702498,32.772040537653425,36.21433300442166,36.60292788914272,36.354499893188475
2024-07-25,35.4739990234375,35.54600143432617,35.301998138427734,35.52899932861328,55780.0,EUNM,-177.81845271175345,28.460596497665577,36.03966606987847,36.47535651070731,36.360639877319336
2024-07-26,35.6349983215332,35.729000091552734,35.58399963378906,35.69499969482422,18465.0,EUNM,-131.06002067334938,33.967638835985255,35.944777170817055,36.355642318725586,36.3667798614502
2024-07-27,35.6349983215332,35.729000091552734,35.58399963378906,35.69499969482422,12269.0,EUNM,-119.8559702903055,33.967638835985255,35.87699932522244,36.235928126743865,36.37181983947754
2024-07-28,35.6349983215332,35.729000091552734,35.58399963378906,35.69499969482422,12269.0,EUNM,-106.5992761930449,33.967638835985255,35.84666612413194,36.116213934762136,36.37685981750488
2024-07-29,35.91600036621094,36.01100158691406,35.678001403808594,35.678001403808594,12269.0,EUNM,-83.7583832676013,33.63648184328896,35.81444422403971,36.01578548976353,36.38155982971191
2024-07-30,35.80899810791016,35.88600158691406,35.67599868774414,35.67599868774414,13129.0,EUNM,-81.45730706368745,33.594925143281685,35.78199979994032,35.91399955749512,36.38065979003906
2024-07-31,36.26499938964844,36.446998596191406,36.23799896240234,36.44200134277344,17294.0,EUNM,-7.608731779157887,55.99085149862021,35.81777784559462,35.90635681152344,36.39929985046387
2024-08-01,36.38399887084961,36.45600128173828,36.09600067138672,36.09600067138672,69440.0,EUNM,-23.990476034429626,48.099682885169734,35.81300014919705,35.89142826625279,36.40643989562988
2024-08-02,35.470001220703125,35.470001220703125,34.750999450683594,34.84000015258789,49605.0,EUNM,-149.66707546562813,31.012801336668346,35.70511118570963,35.81085695539202,36.387139892578126
2024-08-03,35.470001220703125,35.470001220703125,34.750999450683594,34.84000015258789,60820.0,EUNM,-138.02644702750783,31.012801336668346,35.62855572170682,35.73028564453125,36.36305992126465
2024-08-04,35.470001220703125,35.470001220703125,34.750999450683594,34.84000015258789,60820.0,EUNM,-129.74135107424186,31.012801336668346,35.53355577256944,35.64971433367048,36.338979949951174
2024-08-05,33.262001037597656,33.78799819946289,32.79499816894531,33.7859992980957,60820.0,EUNM,-271.42931393375784,22.598678701820546,35.32144461737739,35.483000074114116,36.293819961547854
2024-08-06,34.099998474121094,34.12799835205078,33.76100158691406,34.03499984741211,57916.0,EUNM,-191.9711409461974,27.596399921373006,35.137000189887154,35.33271435328892,36.253019943237305
2024-08-07,34.65800094604492,34.944000244140625,34.58000183105469,34.81800079345703,52226.0,EUNM,-102.56817169257286,40.58755439950787,35.041444566514755,35.26178577968052,36.22011993408203
2024-08-08,34.56100082397461,35.090999603271484,34.41600036621094,35.090999603271484,14099.0,EUNM,-86.01457315543246,44.33756857544473,34.97644466824002,35.230500085013254,36.18803993225097
2024-08-09,35.21500015258789,35.42100143432617,35.099998474121094,35.20600128173828,35693.0,EUNM,-40.358865731008315,45.8870445361145,34.839111328125,35.19557162693569,36.160819931030275
2024-08-10,35.21500015258789,35.42100143432617,35.099998474121094,35.20600128173828,15380.0,EUNM,-34.023014301677435,45.88704453611451,34.74022250705295,35.16064316885812,36.135419921875
2024-08-11,35.21500015258789,35.42100143432617,35.099998474121094,35.20600128173828,15380.0,EUNM,-28.83644053223361,45.88704453611451,34.78088929918077,35.12571471078055,36.11001991271973
2024-08-12,35.34700012207031,35.51100158691406,35.279998779296875,35.40399932861328,15380.0,EUNM,-5.61026231659537,48.9432769952545,34.84355587429471,35.106143133980886,36.08857986450195
2024-08-13,35.472999572753906,35.5369987487793,35.34600067138672,35.5369987487793,31559.0,EUNM,6.969537166716417,50.94738365351265,34.921000162760414,35.09621456691197,36.06975982666015
2024-08-14,35.367000579833984,35.45100021362305,35.12799835205078,35.316001892089844,25638.0,EUNM,-12.52713077183089,47.60366795858203,35.09100045098199,35.015786034720286,36.05137985229492
2024-08-15,35.35599899291992,35.827999114990234,35.30099868774414,35.803001403808594,62050.0,EUNM,37.672484961926386,54.66474053964717,35.287445068359375,34.99485751560756,36.04155990600586
2024-08-16,36.00699996948242,36.09700012207031,35.93299865722656,36.07500076293945,38904.0,EUNM,93.36911433288688,58.06397478303427,35.4271117316352,35.083071844918386,36.037059936523434
2024-08-17,36.00699996948242,36.09700012207031,35.93299865722656,36.07500076293945,36011.0,EUNM,94.11376308981932,58.06397478303427,35.536445193820526,35.171286174229216,36.02919998168945
2024-08-18,36.00699996948242,36.09700012207031,35.93299865722656,36.07500076293945,36011.0,EUNM,92.22505968385614,58.06397478303427,35.63300069173177,35.25950050354004,36.02134002685547
2024-08-19,36.08700180053711,36.24100112915039,36.07500076293945,36.22700119018555,36011.0,EUNM,103.0078851230824,60.14947396610337,35.74644512600369,35.43385778154646,36.01652008056641
2024-08-20,36.1510009765625,36.17399978637695,35.82400131225586,35.849998474121094,30127.0,EUNM,69.32774421851572,53.09648958384371,35.818000369601776,35.5635005405971,36.00484008789063
2024-08-21,35.78799819946289,35.99700164794922,35.744998931884766,35.92300033569336,10307.0,EUNM,59.30211182739747,54.21600206843313,35.87566714816623,35.64242907932827,35.996820068359376
2024-08-22,35.834999084472656,35.9109992980957,35.680999755859375,35.680999755859375,8093.0,EUNM,41.891525781628886,49.95899436642772,35.89166726006402,35.68457194737026,35.975860061645506
2024-08-23,35.85699844360352,35.979000091552734,35.8120002746582,35.893001556396484,17324.0,EUNM,58.28816717335858,53.41023538340901,35.95577833387587,35.73364339556013,35.95724006652832
2024-08-24,35.85699844360352,35.979000091552734,35.8120002746582,35.893001556396484,11252.0,EUNM,56.92564161551542,53.41023538340901,35.96577835083008,35.78271484375,35.94068008422852
2024-08-25,35.85699844360352,35.979000091552734,35.8120002746582,35.893001556396484,11252.0,EUNM,61.44282749635113,53.41023538340901,35.945556216769745,35.83178629193987,35.92412010192871
2024-08-26,35.93600082397461,35.96099853515625,35.625,35.68000030517578,11252.0,EUNM,47.46839339364975,49.15599156215265,35.90166727701823,35.85150064740862,35.90330009460449
2024-08-27,35.694000244140625,35.744998931884766,35.62900161743164,35.654998779296875,25996.0,EUNM,33.903854466600734,48.66599555531098,35.85500038994683,35.85992922101702,35.87848007202148
2024-08-28,35.77399826049805,35.832000732421875,35.625,35.65599822998047,12259.0,EUNM,34.73841095949655,48.68801540903287,35.79155561659071,35.88421467372349,35.85216003417969
2024-08-29,35.707000732421875,35.974998474121094,35.702999114990234,35.95000076293945,15435.0,EUNM,54.7901071567926,54.82657767770477,35.802666982014976,35.894714627947124,35.82802001953125
2024-08-30,36.00600051879883,36.09999847412109,35.9010009765625,35.9010009765625,13090.0,EUNM,66.13599819565343,53.674079476224875,35.80022260877821,35.882286071777344,35.79974006652832
2024-08-31,36.00600051879883,36.09999847412109,35.9010009765625,35.9010009765625,36766.0,EUNM,65.23057253032228,53.674079476224875,35.82466718885634,35.86985751560756,35.7703401184082
2024-09-01,36.00600051879883,36.09999847412109,35.9010009765625,35.9010009765625,36766.0,EUNM,62.34283566816655,53.674079476224875,35.82555601331923,35.857428959437776,35.740940170288084
2024-09-02,35.85699844360352,35.85699844360352,35.755001068115234,35.85300064086914,36766.0,EUNM,19.799564309807323,52.32825171666623,35.82111146714952,35.830714634486604,35.7105802154541
2024-09-03,35.81100082397461,35.816001892089844,35.38100051879883,35.50600051879883,91657.0,EUNM,-62.033615884051905,43.78175582987104,35.77811135186089,35.80614335196359,35.6790202331543
2024-09-04,35.04499816894531,35.3650016784668,35.04499816894531,35.27799987792969,68536.0,EUNM,-166.87135417470915,39.24610561781754,35.73344463772244,35.76007189069475,35.642560195922854
2024-09-05,35.17300033569336,35.34000015258789,35.069000244140625,35.167999267578125,41377.0,EUNM,-175.91345375422028,37.241551191281474,35.6793335808648,35.72342899867466,35.61494018554688
2024-09-06,35.08300018310547,35.17100143432617,34.599998474121094,34.67900085449219,17582.0,EUNM,-251.22086720819908,29.924376376666302,35.57077831692166,35.63671466282436,35.58242019653321
2024-09-07,35.08300018310547,35.17100143432617,34.599998474121094,34.67900085449219,24764.0,EUNM,-214.65602064237805,29.924376376666288,35.42955610487196,35.55000032697405,35.556640243530275
2024-09-08,35.08300018310547,35.17100143432617,34.599998474121094,34.67900085449219,24764.0,EUNM,-192.53059816044345,29.924376376666288,35.293778313530815,35.46328599112375,35.53086029052734
2024-09-09,34.80400085449219,35.03099822998047,34.757999420166016,34.95899963378906,24764.0,EUNM,-145.11329936344623,38.55783683965318,35.1891114976671,35.41178594316755,35.51068031311035
2024-09-10,34.86899948120117,34.96900177001953,34.82600021362305,34.85200119018555,24539.0,EUNM,-130.16680200944006,36.69721935871619,35.07255596584744,35.35442897251674,35.48532035827637
2024-09-11,34.90399932861328,34.946998596191406,34.685001373291016,34.8390007019043,6967.0,EUNM,-122.61349531986636,36.46696337581972,34.959889305962456,35.296072006225586,35.45932037353516
2024-09-12,35.369998931884766,35.43299865722656,35.167999267578125,35.27799987792969,8058.0,EUNM,-40.7568860403036,48.2703366601926,34.93455590142144,35.2480719430106,35.448660354614255
2024-09-13,35.39099884033203,35.49700164794922,35.316001892089844,35.49700164794922,20200.0,EUNM,-12.854787750276104,52.964919662462854,34.958889431423614,35.21921484810965,35.448020401000974
2024-09-14,35.39099884033203,35.49700164794922,35.316001892089844,35.49700164794922,31554.0,EUNM,-9.662454679841103,52.96491966246286,34.995445251464844,35.19035775320871,35.444060440063474
2024-09-15,35.39099884033203,35.49700164794922,35.316001892089844,35.49700164794922,31554.0,EUNM,-6.721145587503537,52.96491966246286,35.086334228515625,35.16150065830776,35.440100479125974
2024-09-16,35.46799850463867,35.48699951171875,35.35599899291992,35.38600158691406,31554.0,EUNM,-9.335588579155726,50.087417536363404,35.164889865451386,35.12814358302525,35.433920516967774
2024-09-17,35.57099914550781,35.65700149536133,35.529998779296875,35.57699966430664,24744.0,EUNM,27.16361652268443,54.65271506449606,35.26466751098633,35.13321495056152,35.43190048217773
2024-09-18,35.54399871826172,35.56800079345703,35.426998138427734,35.426998138427734,13377.0,EUNM,8.788191737257646,50.72841922723209,35.31666734483507,35.14385768345424,35.42692047119141
2024-09-19,35.847999572753906,35.972999572753906,35.775001525878906,35.972999572753906,32378.0,EUNM,96.36244827822163,61.55074722047693,35.441222720675995,35.20135770525251,35.41754043579102
2024-09-20,35.9640007019043,36.07500076293945,35.88600158691406,35.95000076293945,61670.0,EUNM,105.01597483418227,60.94352448418648,35.56466717190213,35.29214341299875,35.41462043762207
2024-09-21,35.9640007019043,36.07500076293945,35.88600158691406,35.95000076293945,83254.0,EUNM,99.09035904431518,60.943524484186476,35.63933393690321,35.382929120744976,35.4368204498291
2024-09-22,35.9640007019043,36.07500076293945,35.88600158691406,35.95000076293945,83254.0,EUNM,94.07589733322335,60.943524484186476,35.68966717190213,35.47371482849121,35.459020462036136
2024-09-23,36.05400085449219,36.39400100708008,36.05400085449219,36.33000183105469,83254.0,EUNM,138.49731612379338,67.549912436134,35.782222747802734,35.57164355686733,35.48882049560547
2024-09-24,36.85499954223633,37.255001068115234,36.79499816894531,37.2239990234375,46128.0,EUNM,245.11671267194367,77.28468498425589,35.97411134507921,35.74107197352818,35.55758049011231
2024-09-25,36.821998596191406,37.20000076293945,36.821998596191406,37.178001403808594,24399.0,EUNM,210.13876429845072,76.02103270021361,36.17322243584527,35.90814345223563,35.62044052124023
2024-09-26,37.698001861572266,38.48400115966797,37.698001861572266,38.17300033569336,39628.0,EUNM,281.3677755459032,82.63520767379542,36.46166695488824,36.11492919921875,35.68754051208496
2024-09-27,38.266998291015625,38.492000579833984,38.17900085449219,38.26399993896485,47658.0,EUNM,239.74888784278068,83.0944851770057,36.776889377170136,36.31257193429129,35.751000518798826
2024-09-28,38.266998291015625,38.492000579833984,38.17900085449219,38.26399993896485,33549.0,EUNM,197.08179876678514,83.09448517700571,37.0314449734158,36.51021466936384,35.81216049194336
2024-09-29,38.266998291015625,38.492000579833984,38.17900085449219,38.26399993896485,33549.0,EUNM,167.50007473086455,83.0944851770057,37.288555992974175,36.70785740443638,35.87332046508789
2024-09-30,38.31399917602539,38.369998931884766,37.79899978637695,37.79899978637695,33549.0,EUNM,124.3252592604051,71.09382574334045,37.494000328911675,36.880214418683735,35.925180435180664
2024-10-01,37.891998291015625,38.12799835205078,37.71599960327149,37.96099853515625,84160.0,EUNM,106.55099747164412,72.57959063557072,37.717444525824654,37.05050005231585,35.97632041931152
2024-10-02,38.821998596191406,39.04999923706055,38.59999847412109,38.742000579833984,42654.0,EUNM,138.82988112242262,78.35562448453693,37.98544438680013,37.28728594098772,36.04042045593262
2024-10-03,38.72200012207031,38.80199813842773,38.15700149536133,38.51499938964844,7127.0,EUNM,108.03344454659684,73.50881589099558,38.12888887193468,37.46885735648019,36.10440040588379
2024-10-04,38.90399932861328,39.04600143432617,38.755001068115234,38.86899948120117,88878.0,EUNM,116.50360998143144,76.00182482900222,38.31677754720052,37.67735726492746,36.16572036743164
2024-10-05,38.90399932861328,39.04600143432617,38.755001068115234,38.86899948120117,18617.0,EUNM,106.14422150786942,76.00182482900222,38.39411078559028,37.885857173374724,36.22160034179687
2024-10-06,38.90399932861328,39.04600143432617,38.755001068115234,38.86899948120117,18617.0,EUNM,98.13139817623065,76.00182482900222,38.46133295694987,38.09435708182199,36.27748031616211
2024-10-07,39.32500076293945,39.38399887084961,39.15299987792969,39.22800064086914,18617.0,EUNM,107.5290877813474,78.55770378999455,38.568444146050346,38.301356996808735,36.3405403137207
2024-10-08,38.25699996948242,38.45399856567383,37.821998596191406,38.37200164794922,44126.0,EUNM,49.47528769598159,61.68746977811813,38.5804443359375,38.383357184273855,36.38344032287598
2024-10-09,38.053001403808594,38.35599899291992,37.92100143432617,38.35599899291992,12361.0,EUNM,45.12829034729846,61.42191193659954,38.6423331366645,38.46749986921038,36.433560333251954
2024-10-10,38.38199996948242,38.46099853515625,38.16899871826172,38.41999816894531,17348.0,EUNM,48.90907920168985,62.124161458259024,38.693333095974396,38.48514257158552,36.48350028991699
2024-10-11,38.15299987792969,38.595001220703125,38.13800048828125,38.59299850463867,16011.0,EUNM,50.76410813427499,64.03025978358251,38.67677730984158,38.50864246913365,36.54174026489258
2024-10-12,38.15299987792969,38.595001220703125,38.13800048828125,38.59299850463867,21710.0,EUNM,47.66356894487225,64.03025978358251,38.68544387817383,38.53214236668178,36.595740203857424
2024-10-13,38.15299987792969,38.595001220703125,38.13800048828125,38.59299850463867,21710.0,EUNM,44.845026475980944,64.03025978358251,38.654777103000214,38.55564226422991,36.64974014282227
2024-10-14,38.540000915527344,38.79999923706055,38.459999084472656,38.632999420166016,21710.0,EUNM,57.80103085292461,64.54552536472524,38.62855487399631,38.61521366664341,36.70454010009766
2024-10-15,38.31499862670898,38.31499862670898,37.92599868774414,37.98799896240234,47220.0,EUNM,2.2582103766290675,51.68797759211859,38.530665927463104,38.61714226858957,36.750700073242186
2024-10-16,38.10200119018555,38.34600067138672,38.05699920654297,38.321998596191406,11929.0,EUNM,12.073944825037042,56.51823046554352,38.429999033610024,38.58714212690081,36.804040069580076
2024-10-17,38.25600051879883,38.34400177001953,38.14799880981445,38.32400131225586,7500.0,EUNM,5.5895755124706845,56.546284778508515,38.42466566297743,38.573499407087056,36.85740013122559
2024-10-18,38.70199966430664,38.8759994506836,38.61000061035156,38.641998291015625,28201.0,EUNM,74.10005722316465,60.864028331847706,38.45644336276584,38.55728503635952,36.911240081787106
2024-10-19,38.70199966430664,38.8759994506836,38.61000061035156,38.641998291015625,16343.0,EUNM,68.02698441629714,60.864028331847706,38.48111004299588,38.54107066563198,36.96606002807617
2024-10-20,38.70199966430664,38.8759994506836,38.61000061035156,38.641998291015625,16343.0,EUNM,61.2305453058524,60.864028331847706,38.48655446370443,38.52485629490444,37.020879974365236
2024-10-21,38.39400100708008,38.39500045776367,38.16400146484375,38.21900177001953,16343.0,EUNM,-54.21984442229701,52.24015721173472,38.444999270968964,38.452784946986604,37.06723999023438
2024-10-22,38.28499984741211,38.43000030517578,38.084999084472656,38.30699920654297,23868.0,EUNM,-49.85413762047873,53.70959253923155,38.41322157118056,38.44814191545759,37.11631996154785
2024-10-23,38.51399993896485,38.553001403808594,38.27799987792969,38.27799987792969,35904.0,EUNM,-26.28056153435508,53.12946215318656,38.37377717759874,38.442570550101145,37.17175994873047
2024-10-24,38.20299911499024,38.20700073242188,37.96200180053711,37.96200180053711,28146.0,EUNM,-103.68235554670687,47.15275461171208,38.37088860405816,38.409856523786274,37.22543998718262
2024-10-25,38.02399826049805,38.10100173950195,37.95199966430664,38.06100082397461,72799.0,EUNM,-106.18748958146517,49.08517664490156,38.34188885158963,38.371856689453125,37.28330001831055
2024-10-26,38.02399826049805,38.10100173950195,37.95199966430664,38.06100082397461,61791.0,EUNM,-108.55558684338841,49.08517664490155,38.31266657511393,38.333856855119976,37.3509400177002
2024-10-27,38.02399826049805,38.10100173950195,37.95199966430664,38.06100082397461,61791.0,EUNM,-102.17837972480447,49.08517664490156,38.24811130099826,38.29585702078683,37.418580017089845
2024-10-28,38.12200164794922,38.17499923706055,37.94400024414063,38.11000061035156,61791.0,EUNM,-84.77222626415238,50.210645414442126,38.18900044759115,38.25849996294294,37.48720001220703
2024-10-29,37.93000030517578,38.33200073242188,37.9109992980957,38.10499954223633,31247.0,EUNM,-70.7196709956457,50.08894715229537,38.129333919949005,38.2668571472168,37.55012001037598
2024-10-30,37.80699920654297,37.80699920654297,37.51399993896485,37.51399993896485,27401.0,EUNM,-187.71459397313,38.2808639148082,38.051000383165146,38.2091429574149,37.60335998535156
2024-10-31,37.28900146484375,37.35599899291992,37.0359992980957,37.14400100708008,25673.0,EUNM,-270.22867975604555,33.03090463100641,37.9217783610026,38.12485722133091,37.649459991455075
2024-11-01,37.448001861572266,37.553001403808594,37.35699844360352,37.50199890136719,103774.0,EUNM,-183.8838589986191,41.40435126850131,37.83555603027344,38.04342869349888,37.693939971923825
2024-11-02,37.448001861572266,37.553001403808594,37.35699844360352,37.50199890136719,73216.0,EUNM,-157.28193492363573,41.40435126850131,37.78444459703233,37.96200016566685,37.73403991699219
2024-11-03,37.448001861572266,37.553001403808594,37.35699844360352,37.50199890136719,73216.0,EUNM,-137.83706286435176,41.40435126850131,37.72233327229818,37.88057163783482,37.774139862060544
2024-11-04,37.400001525878906,37.56399917602539,37.380001068115234,37.48600006103516,73216.0,EUNM,-122.7141849170747,41.117393830420205,37.65844429863824,37.82821437290737,37.81391983032226
2024-11-05,37.80199813842773,37.9010009765625,37.749000549316406,37.84999847412109,274864.0,EUNM,-48.737497786816164,49.664877862805604,37.63499959309896,37.79557146344866,37.86319976806641
2024-11-06,38.02999877929688,38.05799865722656,37.74800109863281,37.89300155639648,49620.0,EUNM,-32.00225973418209,50.57764395339966,37.61088858710395,37.76807158333914,37.909519805908204
2024-11-07,38.36100006103516,38.547000885009766,38.30500030517578,38.52999877929688,31935.0,EUNM,80.88919889748922,61.66655419246943,37.65811072455512,37.8086427961077,37.97157981872559
2024-11-08,38.38800048828125,38.38800048828125,37.83000183105469,37.85499954223633,46399.0,EUNM,-2.23290812868258,49.095826361254794,37.69599956936307,37.79392841884068,38.009219818115234
2024-11-09,38.38800048828125,38.38800048828125,37.83000183105469,37.85499954223633,27971.0,EUNM,-1.7905550365371925,49.095826361254794,37.774999406602646,37.77921404157366,38.04731979370117
2024-11-10,38.38800048828125,38.38800048828125,37.83000183105469,37.85499954223633,27971.0,EUNM,0.08535249341753541,49.095826361254794,37.814221700032554,37.76449966430664,38.08541976928711
2024-11-11,38.11600112915039,38.119998931884766,37.89400100708008,37.89599990844727,27971.0,EUNM,-9.366684728296692,49.87106906721694,37.857999589708115,37.74921389988491,38.124339752197265
2024-11-12,37.46500015258789,37.48799896240234,37.26900100708008,37.32699966430664,59162.0,EUNM,-129.19790330453904,40.62448077920356,37.83855523003472,37.693642480032786,38.14427970886231
2024-11-13,37.35100173950195,37.41699981689453,37.17100143432617,37.26100158691406,29380.0,EUNM,-130.27125516961314,39.70491949685698,37.81355539957682,37.67557116917202,38.14501976013184
2024-11-14,37.137001037597656,37.32600021362305,37.137001037597656,37.19599914550781,90168.0,EUNM,-128.3297593609248,38.773990786553874,37.74088880750868,37.67928532191685,38.14537971496582
2024-11-15,37.2130012512207,37.321998596191406,37.1259994506836,37.16400146484375,32319.0,EUNM,-116.85175956906639,38.29797491908895,37.65988879733615,37.655142647879465,38.125199737548826
2024-11-16,37.2130012512207,37.321998596191406,37.1259994506836,37.16400146484375,41445.0,EUNM,-105.36184061608802,38.29797491908895,37.508111317952476,37.63099997384207,38.1031997680664
2024-11-17,37.2130012512207,37.321998596191406,37.1259994506836,37.16400146484375,41445.0,EUNM,-96.6266560063214,38.29797491908895,37.431333753797745,37.60685729980469,38.08119979858398
2024-11-18,37.323001861572266,37.44400024414063,37.229000091552734,37.42499923706055,41445.0,EUNM,-60.611918692457884,45.1571697194449,37.38355594211154,37.602500098092214,38.0644197845459
2024-11-19,37.6349983215332,37.6349983215332,37.2760009765625,37.499000549316406,23313.0,EUNM,-37.25193255960882,46.957631598909686,37.344000498453774,37.57742881774902,38.05841979980469
2024-11-20,37.54499816894531,37.57400131225586,37.422000885009766,37.43299865722656,38608.0,EUNM,-32.78548902745726,45.522179302770375,37.29255591498481,37.54457146780832,38.047859802246094
2024-11-21,37.35699844360352,37.56499862670898,37.24800109863281,37.56499862670898,15889.0,EUNM,-33.088825684981764,48.887393678050884,37.319000244140625,37.47564288548061,38.02431976318359
2024-11-22,37.58700180053711,37.98899841308594,37.55500030517578,37.882999420166016,32424.0,EUNM,45.80568608546728,55.94737928406209,37.38811111450195,37.4776428767613,38.01167976379394
2024-11-23,37.58700180053711,37.98899841308594,37.55500030517578,37.882999420166016,25743.0,EUNM,51.05943270058841,55.94737928406209,37.46444447835287,37.47964286804199,37.991959762573245
2024-11-24,37.58700180053711,37.98899841308594,37.55500030517578,37.882999420166016,25743.0,EUNM,47.62193153713081,55.94737928406209,37.544333140055336,37.48164285932268,37.97223976135254
2024-11-25,37.88199996948242,37.88199996948242,37.60900115966797,37.66899871826172,25743.0,EUNM,23.25449679629283,50.12775331379355,37.60044394599067,37.465428488595144,37.94823974609375
2024-11-26,37.5260009765625,37.630001068115234,37.4640007019043,37.60599899291992,17321.0,EUNM,-13.753493804472454,48.52741920316125,37.64955478244357,37.485357012067524,37.91579971313477
2024-11-27,37.66400146484375,37.70000076293945,37.233001708984375,37.233001708984375,92664.0,EUNM,-54.64245030505196,40.32003099657723,37.62822172376845,37.48335702078683,37.89301971435547
2024-11-28,37.165000915527344,37.1870002746582,37.09000015258789,37.119998931884766,21946.0,EUNM,-107.16345627426772,38.21149996381778,37.58611043294271,37.47792843409947,37.86829971313477
2024-11-29,37.00899887084961,37.40700149536133,37.005001068115234,37.40700149536133,23012.0,EUNM,-71.88248410043282,45.94344638980074,37.58322185940213,37.49528557913644,37.84803977966308
2024-11-30,37.00899887084961,37.40700149536133,37.005001068115234,37.40700149536133,89913.0,EUNM,-67.11938823357913,45.94344638980074,37.565666622585724,37.51264272417341,37.82431983947754
2024-12-01,37.00899887084961,37.40700149536133,37.005001068115234,37.40700149536133,89913.0,EUNM,-62.96207263449965,45.943446389800734,37.512777964274086,37.52999986921038,37.800599899291996
2024-12-02,37.553001403808594,37.76399993896485,37.505001068115234,37.75600051879883,89913.0,EUNM,39.86512860743218,54.57633006730938,37.49866697523329,37.553642817905974,37.783859939575194
2024-12-03,37.95899963378906,37.97100067138672,37.53300094604492,37.742000579833984,62934.0,EUNM,65.09672918234794,54.202380948996016,37.48300043741862,37.57099996294294,37.76603996276855
2024-12-04,37.999000549316406,38.05099868774414,37.77299880981445,37.854000091552734,44138.0,EUNM,108.57013502000827,56.75518177268304,37.503556145562065,37.60107149396624,37.76335998535156
2024-12-05,37.89699935913086,38.01800155639648,37.880001068115234,37.99700164794922,12930.0,EUNM,131.0307233981367,59.83372269962221,37.547000885009766,37.63192885262625,37.75686004638672
2024-12-06,38.0,38.06600189208984,37.92100143432617,37.92100143432617,14804.0,EUNM,132.2828577451691,57.491266578871546,37.62344529893663,37.634643282209126,37.74880004882812
2024-12-07,38.0,38.06600189208984,37.92100143432617,37.92100143432617,62424.0,EUNM,117.4294886490959,57.491266578871546,37.71244557698568,37.63735771179199,37.734380111694335
2024-12-08,38.0,38.06600189208984,37.92100143432617,37.92100143432617,62424.0,EUNM,106.31249897574993,57.491266578871546,37.7695566813151,37.64007214137486,37.71996017456055
2024-12-09,38.387001037597656,38.89699935913086,38.33599853515625,38.790000915527344,62424.0,EUNM,241.46173788764753,72.73496287550803,37.92322328355577,37.72014372689383,37.72292022705078
2024-12-10,38.20199966430664,38.39500045776367,38.185001373291016,38.30400085449219,25582.0,EUNM,140.81103787116578,59.81591853600718,38.022889879014755,37.77000100272043,37.724620208740234
2024-12-11,38.2859992980957,38.42399978637695,38.244998931884766,38.40399932861328,10334.0,EUNM,141.4294423545104,61.337579636229265,38.09488974677192,37.85364368983677,37.72656021118164
2024-12-12,38.64400100708008,38.755001068115234,38.29100036621094,38.37300109863281,22717.0,EUNM,151.5494394926201,60.57187179660021,38.165000915527344,37.94314384460449,37.728460235595705
2024-12-13,38.39899826049805,38.42399978637695,38.20899963378906,38.24800109863281,9845.0,EUNM,104.47066800078375,57.45702021235938,38.20877880520291,38.00321524483817,37.734180221557615
2024-12-14,38.39899826049805,38.42399978637695,38.20899963378906,38.24800109863281,65274.0,EUNM,95.65171554659152,57.45702021235938,38.23666763305664,38.06328664507185,37.73792022705078
2024-12-15,38.39899826049805,38.42399978637695,38.20899963378906,38.24800109863281,65274.0,EUNM,87.3375093480348,57.45702021235939,38.27300092909071,38.12335804530552,37.74166023254394
2024-12-16,38.17699813842773,38.257999420166016,38.07699966430664,38.0989990234375,65274.0,EUNM,53.0381829502426,53.370934039554726,38.292778438991974,38.147857938494,37.7424201965332
2024-12-17,37.87200164794922,37.95299911499024,37.72100067138672,37.95299911499024,82053.0,EUNM,-1.9877925290237306,49.645401194058,38.296333736843536,38.162929262433735,37.739280166625974
2024-12-18,38.06900024414063,38.07899856567383,37.95199966430664,38.01499938964844,30109.0,EUNM,24.754560030762114,51.2031627470323,38.21022245619032,38.17442921229771,37.73748016357422
2024-12-19,37.76800155639648,37.85699844360352,37.70299911499024,37.821998596191406,41545.0,EUNM,-20.113639287375587,46.39194928321568,38.156666649712456,38.16192899431501,37.74364013671875
2024-12-20,37.547000885009766,37.71500015258789,37.297000885009766,37.65599822998047,14624.0,EUNM,-65.64568966251622,42.67752351210327,38.073555416531036,38.14300019400461,37.75388008117676
2024-12-21,37.547000885009766,37.71500015258789,37.297000885009766,37.65599822998047,26587.0,EUNM,-65.46772181629204,42.67752351210327,37.993888431125214,38.124071393694194,37.75696006774902
2024-12-22,37.547000885009766,37.71500015258789,37.297000885009766,37.65599822998047,26587.0,EUNM,-68.31748914275168,42.67752351210327,37.92811033460829,38.10514259338379,37.76004005432129
2024-12-23,37.76900100708008,37.82899856567383,37.678001403808594,37.803001403808594,26587.0,EUNM,-32.7195087452953,47.340838169086645,37.878665924072266,38.03464262826102,37.76606010437012
2024-12-24,37.76900100708008,37.82899856567383,37.678001403808594,37.803001403808594,24706.0,EUNM,-39.83273911264685,47.340838169086645,37.82922151353624,37.99885695321219,37.77240013122559
2024-12-25,37.76900100708008,37.82899856567383,37.678001403808594,37.803001403808594,24706.0,EUNM,-48.074019845158226,47.340838169086645,37.796332889133026,37.95592853001186,37.77146018981934
2024-12-26,37.76900100708008,37.82899856567383,37.678001403808594,37.803001403808594,24706.0,EUNM,-57.0011915788927,47.340838169086645,37.77966647677951,37.915214266095845,37.76966018676758
2024-12-27,37.79499816894531,37.79499816894531,37.54800033569336,37.68000030517578,24706.0,EUNM,-83.21621675226035,43.37001656325792,37.742444356282554,37.87464278084891,37.752660217285154
2024-12-28,37.79499816894531,37.79499816894531,37.54800033569336,37.68000030517578,11753.0,EUNM,-81.68198964792548,43.37001656325793,37.72666676839193,37.83407129560198,37.74916023254394
2024-12-29,37.79499816894531,37.79499816894531,37.54800033569336,37.68000030517578,11753.0,EUNM,-77.09418171231714,43.37001656325792,37.72933366563585,37.79349981035505,37.74566024780273
2024-12-30,37.560001373291016,37.560001373291016,37.400001525878906,37.40399932861328,11753.0,EUNM,-120.38181611721105,35.11538727307658,37.70133378770616,37.743856975010466,37.736640243530275
2024-12-31,37.560001373291016,37.560001373291016,37.400001525878906,37.40399932861328,59041.0,EUNM,-108.84001367188174,35.11538727307658,37.673333909776474,37.70464270455496,37.726800231933595
2025-01-01,37.560001373291016,37.560001373291016,37.400001525878906,37.40399932861328,59041.0,EUNM,-99.60665065127255,35.11538727307658,37.62900034586588,37.66099984305246,37.728340225219725
2025-01-02,37.51599884033203,38.00400161743164,37.48500061035156,38.00400161743164,59041.0,EUNM,-15.125975744643613,57.22208717533209,37.65133370293511,37.67400005885533,37.74320022583008
2025-01-03,37.99700164794922,38.0260009765625,37.87099838256836,37.99800109863281,40021.0,EUNM,23.816761939724618,57.012880393557154,37.67300033569336,37.69842883518764,37.759240264892576
2025-01-04,37.99700164794922,38.0260009765625,37.87099838256836,37.99800109863281,131070.0,EUNM,28.87732358138,57.012880393557154,37.69466696845161,37.72285761151995,37.77592025756836
2025-01-05,37.99700164794922,38.0260009765625,37.87099838256836,37.99800109863281,131070.0,EUNM,35.81619319738541,57.012880393557154,37.73000038994683,37.74728638785226,37.79260025024414
2025-01-06,37.9640007019043,38.28300094604492,37.900001525878906,37.98500061035156,131070.0,EUNM,73.36981668166086,56.45436581871562,37.76388931274414,37.76028633117676,37.8090202331543
2025-01-07,37.803001403808594,37.946998596191406,37.75199890136719,37.80699920654297,42702.0,EUNM,10.05950748060857,49.328926599762276,37.77800030178494,37.760571888514924,37.816660232543946
2025-01-08,37.641998291015625,37.82899856567383,37.53900146484375,37.63600158691406,78679.0,EUNM,-44.26366378989451,43.63165278889034,37.803778330485024,37.748643330165315,37.819400253295896
2025-01-09,37.55099868774414,37.72700119018555,37.55099868774414,37.67900085449219,26214.0,EUNM,-44.53150815710374,45.34120037210728,37.83433405558268,37.73978614807129,37.82432029724121
2025-01-10,37.47800064086914,37.49100112915039,37.141998291015625,37.18600082397461,163579.0,EUNM,-186.16663157753885,32.988145610434245,37.81011199951172,37.70450047084263,37.816740341186524
2025-01-11,37.47800064086914,37.49100112915039,37.141998291015625,37.18600082397461,104209.0,EUNM,-165.06114793609325,32.988145610434245,37.71922302246094,37.66921479361398,37.8028003692627
2025-01-12,37.47800064086914,37.49100112915039,37.141998291015625,37.18600082397461,104209.0,EUNM,-151.40447644836246,32.988145610434245,37.62900076972114,37.633929116385325,37.788860397338865
2025-01-13,37.03900146484375,37.08599853515625,36.858001708984375,36.98500061035156,104209.0,EUNM,-217.73195032140418,28.96912402123803,37.51644515991211,37.60400063650949,37.77090042114258
2025-01-14,37.37900161743164,37.45899963378906,37.10200119018555,37.16999816894531,27288.0,EUNM,-116.52605515155236,36.622478815110185,37.424444834391274,37.58728626796177,37.76092041015625
2025-01-15,37.15999984741211,37.61299896240234,37.10200119018555,37.61299896240234,94609.0,EUNM,-52.555656466681384,50.403437817948365,37.383111317952476,37.60221481323242,37.7610604095459
2025-01-16,38.007999420166016,38.007999420166016,37.70399856567383,37.70600128173828,64560.0,EUNM,52.999697075734744,52.727392772676815,37.37188932630751,37.58092907496861,37.77052040100098
2025-01-17,37.76800155639648,38.06399917602539,37.70199966430664,38.04899978637695,57926.0,EUNM,88.42170780425293,60.14468670873068,37.41777801513672,37.584571838378906,37.78910041809082
2025-01-18,37.76800155639648,38.06399917602539,37.70199966430664,38.04899978637695,65033.0,EUNM,84.67119129471163,60.14468670873068,37.45888900756836,37.588214601789204,37.80194038391113
2025-01-19,37.76800155639648,38.06399917602539,37.70199966430664,38.04899978637695,65033.0,EUNM,81.07293725942006,60.14468670873068,37.55477778116862,37.591857365199495,37.81478034973144
2025-01-20,38.13999938964844,38.20800018310547,37.83300018310547,38.152000427246094,65033.0,EUNM,108.8282737274277,62.359769479120594,37.662111070421005,37.603785923549104,37.82968032836914
2025-01-21,37.99700164794922,38.05199813842773,37.78400039672852,37.85300064086914,19454.0,EUNM,59.54242292517683,53.12876273321813,37.736222161187065,37.60707174028669,37.831620330810544
2025-01-22,37.75600051879883,37.96099853515625,37.74399948120117,37.91699981689453,47512.0,EUNM,50.198788306954754,54.675325150952474,37.83977762858073,37.62714304242815,37.835120315551755
2025-01-23,37.93999862670898,37.959999084472656,37.80799865722656,37.959999084472656,86387.0,EUNM,55.090614721263336,55.73219232241977,37.92755550808377,37.64721434456961,37.837240295410155
2025-01-24,38.0260009765625,38.084999084472656,37.803001403808594,37.95100021362305,32396.0,EUNM,59.979489179023695,55.440834212342715,37.96511120266385,37.701857158115935,37.83632026672363
2025-01-25,38.0260009765625,38.084999084472656,37.803001403808594,37.95100021362305,59490.0,EUNM,56.324521278657386,55.440834212342715,37.992333306206596,37.75649997166225,37.83692024230957
2025-01-26,38.0260009765625,38.084999084472656,37.803001403808594,37.95100021362305,59490.0,EUNM,53.15450650056569,55.440834212342715,37.9814444647895,37.81114278520857,37.83752021789551
2025-01-27,37.36899948120117,37.36899948120117,37.0,37.19300079345703,59490.0,EUNM,-127.23716439467667,35.768478881038234,37.88633346557617,37.82599994114467,37.822960205078125
2025-01-28,37.435001373291016,37.5369987487793,37.31900024414063,37.39899826049805,70861.0,EUNM,-65.2047258711517,41.811340467119635,37.81411107381185,37.84235709054129,37.79514015197754
